year,month,delayed_flights,valid_arrival_flights,delay_rate,date,month_label
2025,7,177012,612811,0.2888525173340557,2025-07-01,"Jul
2025"
2025,8,133920,593733,0.22555593170667623,2025-08-01,"Aug
2025"
2025,9,92859,558328,0.16631621555787995,2025-09-01,"Sep
2025"
2025,10,122251,601570,0.20321990790764166,2025-10-01,"Oct
2025"
2025,11,114170,555296,0.20560205728116177,2025-11-01,"Nov
2025"
2025,12,153113,571924,0.26771564053965213,2025-12-01,"Dec
2025"
2026,1,107475,517222,0.2077927853030227,2026-01-01,"Jan
2026"
2026,2,99251,502396,0.19755531493085135,2026-02-01,"Feb
2026"
2026,3,144031,592256,0.24319044467257403,2026-03-01,"Mar
2026"
2026,4,119417,591206,0.2019888160810276,2026-04-01,"Apr
2026"
2026,5,129511,604346,0.2142994245018582,2026-05-01,"May
2026"
2026,6,153037,595195,0.2571207755441494,2026-06-01,"Jun
2026"
