departure_time_block,delayed_flights,valid_arrival_flights,arrival_delay_rate,late_aircraft_delay_minutes,total_recorded_delay_minutes,late_aircraft_share,time_label
0001-0559,18536,205000,0.09041951219512195,310195.0,1843862.0,0.16823113660349853,00:01-05:59
0600-0659,46789,473921,0.09872742503497418,577541.0,4232098.0,0.13646683039948507,06
0700-0759,64192,511293,0.125548364636324,748294.0,4729671.0,0.15821269597821921,07
0800-0859,69109,479069,0.14425688157655786,1140394.0,4763331.0,0.2394110340012063,08
0900-0959,63588,392428,0.16203736736420438,1304481.0,4178170.0,0.3122134810215956,09
1000-1059,77524,437002,0.1773996457682116,1940519.0,5184548.0,0.3742889447643266,10
1100-1159,83936,426147,0.196964897089502,2207268.0,5669331.0,0.3893348262784445,11
1200-1259,89766,415457,0.21606568188765624,2500428.0,6305384.0,0.3965544366528668,12
1300-1359,95832,412782,0.23216128610259168,2810081.0,6751449.0,0.41621894796213377,13
1400-1459,102683,393039,0.2612539722521175,3001263.0,7378142.0,0.40677761420151576,14
1500-1559,110266,397846,0.2771574931003454,3316301.0,7934935.0,0.4179367568858472,15
1600-1659,118495,396522,0.29883587795885225,3650428.0,8568957.0,0.4260061055271954,16
1700-1759,134449,435072,0.309027011621065,4424340.0,10116904.0,0.43732153631189935,17
1800-1859,129730,404404,0.3207930683178208,4564489.0,9735637.0,0.4688433843620094,18
1900-1959,121490,374311,0.3245696760180705,4472063.0,9019083.0,0.49584453319700017,19
2000-2059,97195,300892,0.3230228786408412,3531361.0,7047312.0,0.501093324660523,20
2100-2159,67919,231312,0.2936250605243135,2373638.0,5112300.0,0.46429943469671187,21
2200-2259,43059,151717,0.28381130657737763,1387083.0,3127976.0,0.4434442591631138,22
2300-2359,11489,58069,0.19785083263014688,316434.0,794754.0,0.39815339086056817,23
