year,month,total_recorded_delay_minutes,Carrier_minutes,Carrier_share,Weather_minutes,Weather_share,NAS_minutes,NAS_share,Security_minutes,Security_share,Late Aircraft_minutes,Late Aircraft_share,date,month_label
2025,7,14416617.0,4477900.0,0.3106068504143517,1057529.0,0.07335486543063466,2985238.0,0.20706924516341108,15270.0,0.001059194400461634,5880680.0,0.4079098445911409,2025-07-01,"Jul
2025"
2025,8,9818578.0,3254359.0,0.33144911615510925,686052.0,0.06987284716788929,1887363.0,0.19222366008601247,13933.0,0.0014190445907747537,3976871.0,0.4050353320002143,2025-08-01,"Aug
2025"
2025,9,6224476.0,2135289.0,0.3430471898357388,345837.0,0.05556082150529619,1406555.0,0.22597163198958434,9019.0,0.0014489573098201358,2327776.0,0.37397139935956053,2025-09-01,"Sep
2025"
2025,10,7841298.0,2663106.0,0.3396256589151439,259915.0,0.03314693562213807,1795377.0,0.22896426076397045,9307.0,0.0011869208388713196,3113593.0,0.3970762238598763,2025-10-01,"Oct
2025"
2025,11,8371085.0,2525863.0,0.30173663270651296,384899.0,0.04597958329177162,2240807.0,0.26768417714071713,11174.0,0.0013348329398160453,3208342.0,0.38326477392118224,2025-11-01,"Nov
2025"
2025,12,11487460.0,3827986.0,0.3332317152790956,730591.0,0.06359900273863849,2194704.0,0.19105215600315475,17744.0,0.0015446408518506266,4716435.0,0.4105724851272605,2025-12-01,"Dec
2025"
2026,1,8127392.0,3031178.0,0.37295826262594445,776908.0,0.09559130407392678,1465808.0,0.1803540422315055,11479.0,0.0014123841940932589,2842019.0,0.34968400687453,2026-01-01,"Jan
2026"
2026,2,6876004.0,2626573.0,0.3819911972127998,410772.0,0.059739930343263324,1272148.0,0.18501269051036037,11118.0,0.0016169275061503746,2555393.0,0.3716392544274262,2026-02-01,"Feb
2026"
2026,3,11261799.0,3778312.0,0.3354980851638357,669429.0,0.059442456751359174,2362944.0,0.2098194080714813,26292.0,0.002334618119183267,4424822.0,0.3929054318941405,2026-03-01,"Mar
2026"
2026,4,7939784.0,2654607.0,0.3343424707775426,394743.0,0.04971709557841876,1671497.0,0.21052172200150532,8811.0,0.0011097279220694165,3210126.0,0.4043089837204639,2026-04-01,"Apr
2026"
2026,5,8759842.0,2894113.0,0.3303841553306555,522891.0,0.05969183005812205,1794650.0,0.20487241664861078,11720.0,0.0013379236748790675,3536468.0,0.4037136742877326,2026-05-01,"May
2026"
2026,6,11369509.0,3496890.0,0.30756737164287395,766598.0,0.06742577889687233,2308396.0,0.20303392169354015,13549.0,0.001191696140967917,4784076.0,0.42078123162574566,2026-06-01,"Jun
2026"
