airline_code,airline_name,display_name,scheduled_flights,valid_arrival_flights,delayed_flights,delay_rate
B6,JetBlue,JetBlue (B6),234468,227675,62097,0.27274404304381245
NK,Spirit,Spirit (NK),134443,129223,34753,0.2689381921175023
F9,Frontier,Frontier (F9),205332,201159,53893,0.2679124473675053
G4,Allegiant,Allegiant (G4),127163,125937,32619,0.25901045760975727
AA,American,American (AA),986297,960185,245702,0.25589027114566465
OH,PSA,PSA (OH),241957,230771,58568,0.2537927209224729
WN,Southwest,Southwest (WN),1390634,1374942,322130,0.23428624625620573
YX,Republic,Republic (YX),361482,345959,74400,0.21505438505718885
OO,SkyWest,SkyWest (OO),852935,835094,175658,0.21034518269799568
UA,United,United (UA),821041,810339,170380,0.21025768227865127
AS,Alaska,Alaska (AS),293372,288810,60369,0.20902669575153215
MQ,Envoy,Envoy (MQ),315435,307297,60770,0.19775656775041736
HA,Hawaiian,Hawaiian (HA),40187,39849,7391,0.18547516876207684
DL,Delta,Delta (DL),1038570,1019043,187317,0.18381658085085711
