airline_code,airline_name,display_name,scheduled_flights,delay_rate,total_recorded_delay_minutes,Carrier_minutes,Carrier_share,Weather_minutes,Weather_share,NAS_minutes,NAS_share,Security_minutes,Security_share,Late Aircraft_minutes,Late Aircraft_share
B6,JetBlue,JetBlue (B6),234468,0.27274404304381245,4688487.0,1264129.0,0.2696240812867776,120010.0,0.025596743682983446,1237639.0,0.2639740709529535,8618.0,0.0018381196321969112,2058091.0,0.4389669844450886
AA,American,American (AA),986297,0.25589027114566465,20942991.0,7066799.0,0.3374302648556741,1210333.0,0.05779179296787169,2885149.0,0.13776203217582436,28793.0,0.0013748275019551887,9751917.0,0.46564108249867464
OH,PSA,PSA (OH),241957,0.2537927209224729,5507068.0,1604198.0,0.29129801920005344,451516.0,0.08198845556292386,705847.0,0.12817110665784406,9247.0,0.0016791149119640433,2736260.0,0.4968633036672146
WN,Southwest,Southwest (WN),1390634,0.23428624625620573,17345200.0,4853772.0,0.279833729216152,427457.0,0.024644109033046608,3136591.0,0.18083337176855846,50432.0,0.002907547909508106,8876948.0,0.5117812420727348
YX,Republic,Republic (YX),361482,0.21505438505718885,5358708.0,1261224.0,0.23535971730499217,307803.0,0.05743977839434431,1710675.0,0.31923273296473703,4486.0,0.0008371420872344602,2074520.0,0.387130629248692
OO,SkyWest,SkyWest (OO),852935,0.21034518269799568,15450884.0,7280935.0,0.471230966461207,2187686.0,0.1415896980392837,2669374.0,0.172765131108356,14116.0,0.0009136046843662796,3298773.0,0.213500599706787
UA,United,United (UA),821041,0.21025768227865127,12285235.0,3123448.0,0.25424405800947236,564901.0,0.04598210779036787,4096116.0,0.3334177978687424,1304.0,0.00010614367572130285,4499466.0,0.366249892655696
AS,Alaska,Alaska (AS),293372,0.20902669575153215,3128468.0,1011516.0,0.32332630539932006,135992.0,0.04346919962102857,760934.0,0.24322895423574734,13214.0,0.004223792603919874,1206812.0,0.3857517481399842
MQ,Envoy,Envoy (MQ),315435,0.19775656775041736,4075742.0,779304.0,0.19120542958803574,518624.0,0.12724652345511567,947772.0,0.23253974368348143,4511.0,0.0011067923337640115,1825531.0,0.4479015109396031
DL,Delta,Delta (DL),1038570,0.18381658085085711,13331992.0,5974081.0,0.44810115397609,561460.0,0.04211373664190617,2838028.0,0.2128735150756166,9868.0,0.000740174461550832,3948555.0,0.2961714198448364
