airport,city,scheduled_flights,valid_arrival_flights,delayed_flights,delay_rate
SLC,"Salt Lake City, UT",117874,116638,17784,0.15247175020147807
LAX,"Los Angeles, CA",189756,187391,36782,0.1962847735483561
SEA,"Seattle, WA",165184,163001,33653,0.20645885608063755
MSP,"Minneapolis, MN",113862,111979,23433,0.2092624509952759
PHX,"Phoenix, AZ",197275,195038,41381,0.2121689106738174
ATL,"Atlanta, GA",316342,310066,66933,0.21586694445698656
IAH,"Houston, TX",119087,117426,25409,0.21638308381448743
LAS,"Las Vegas, NV",174350,172368,38075,0.22089366935858165
EWR,"Newark, NJ",123067,119030,26593,0.22341426531126607
SFO,"San Francisco, CA",146683,144770,32810,0.22663535262830697
DTW,"Detroit, MI",122688,120161,27783,0.23121478682767288
CLT,"Charlotte, NC",182405,178287,41585,0.23324751664451138
DEN,"Denver, CO",319138,315704,74792,0.23690545574335453
BOS,"Boston, MA",143082,138920,33837,0.24357183990786063
MCO,"Orlando, FL",161044,157962,40535,0.25661234980564945
MIA,"Miami, FL",111061,108862,28560,0.26235049879664163
LGA,"New York, NY",136367,129735,34551,0.2663198057578911
DCA,"Washington, DC",142250,136609,36538,0.2674640763053679
DFW,"Dallas/Fort Worth, TX",312851,302634,84826,0.28029236635672133
ORD,"Chicago, IL",357404,346800,100740,0.29048442906574395
