airport,city,display_name,scheduled_flights,delay_rate,total_recorded_delay_minutes,Carrier_minutes,Carrier_share,Weather_minutes,Weather_share,NAS_minutes,NAS_share,Security_minutes,Security_share,Late Aircraft_minutes,Late Aircraft_share
ORD,"Chicago, IL","ORD — Chicago, IL",357404,0.29048442906574395,7863306.0,2240889.0,0.28498051582883843,764307.0,0.09719919331639898,1612690.0,0.20509058149333118,4085.0,0.000519501593858868,3241335.0,0.41221020776757256
DFW,"Dallas/Fort Worth, TX","DFW — Dallas/Fort Worth, TX",312851,0.28029236635672133,6264616.0,1931766.0,0.3083614382749078,549741.0,0.08775334354092892,894482.0,0.14278321288966475,6573.0,0.0010492263212940746,2882054.0,0.4600527789732044
MCO,"Orlando, FL","MCO — Orlando, FL",161044,0.25661234980564945,2898039.0,809413.0,0.27929679345240005,188120.0,0.06491286004087592,691918.0,0.238753860800355,6429.0,0.002218396646836016,1202159.0,0.414818089059533
DEN,"Denver, CO","DEN — Denver, CO",319138,0.23690545574335453,4844397.0,1570975.0,0.3242870062053131,206490.0,0.042624500015172165,937956.0,0.1936166668421271,3347.0,0.0006909012618082291,2125629.0,0.4387809256755794
CLT,"Charlotte, NC","CLT — Charlotte, NC",182405,0.23324751664451138,2937985.0,888658.0,0.3024719322937319,202620.0,0.06896563461011544,464220.0,0.15800625258467962,5475.0,0.0018635221078392163,1377012.0,0.4686926584036338
LAS,"Las Vegas, NV","LAS — Las Vegas, NV",174350,0.22089366935858165,2319618.0,803982.0,0.34660103517044616,52678.0,0.02270977376447329,436270.0,0.1880783818714978,2097.0,0.0009040281632579157,1024591.0,0.44170678103032485
ATL,"Atlanta, GA","ATL — Atlanta, GA",316342,0.21586694445698656,4353684.0,1877412.0,0.431223763598828,246719.0,0.056669018697728175,946988.0,0.21751417879662374,7621.0,0.0017504715546649689,1274944.0,0.2928425673521551
PHX,"Phoenix, AZ","PHX — Phoenix, AZ",197275,0.2121689106738174,2607197.0,984816.0,0.37772979947430135,68665.0,0.026336713336199757,397122.0,0.15231760392482807,4973.0,0.0019074124433251496,1151621.0,0.4417084708213457
SEA,"Seattle, WA","SEA — Seattle, WA",165184,0.20645885608063755,1892509.0,812465.0,0.42930575231082124,86659.0,0.04579053521013639,421205.0,0.22256433126606004,3090.0,0.0016327531335385988,569090.0,0.30070662807944376
LAX,"Los Angeles, CA","LAX — Los Angeles, CA",189756,0.1962847735483561,2545404.0,1010254.0,0.3968933811685689,58420.0,0.022951170030376316,529482.0,0.20801491629619503,3037.0,0.0011931308350265812,944211.0,0.37094740166983314
