day_of_week,departure_time_block,delayed_flights,valid_arrival_flights,delay_rate
1,0001-0559,3334,31899,0.10451738299006239
1,0600-0659,7862,70580,0.11139132898838197
1,0700-0759,10634,75048,0.1416959812386739
1,0800-0859,11231,69504,0.16158782228360957
1,0900-0959,10352,57744,0.17927403712939874
1,1000-1059,12356,63786,0.19371021854325401
1,1100-1159,13398,62170,0.21550587099887406
1,1200-1259,14384,61252,0.23483314830536145
1,1300-1359,15157,60518,0.25045441025810505
1,1400-1459,16230,57771,0.28093680220179673
1,1500-1559,17365,58900,0.29482173174872667
1,1600-1659,18549,59248,0.31307385903321633
1,1700-1759,20321,64554,0.31479071784862284
1,1800-1859,19916,61092,0.32600013095004254
1,1900-1959,19015,57930,0.3282409804936993
1,2000-2059,15305,46695,0.3277652853624585
1,2100-2159,10894,36328,0.2998788813036776
1,2200-2259,6953,23834,0.2917261055634807
1,2300-2359,1699,8474,0.2004956337030918
2,0001-0559,2254,25806,0.0873440285204991
2,0600-0659,5975,66122,0.09036326789873264
2,0700-0759,7965,70684,0.11268462452605965
2,0800-0859,8986,68851,0.1305137180287868
2,0900-0959,7699,54546,0.1411469218641147
2,1000-1059,9590,62822,0.15265352901849671
2,1100-1159,9931,60113,0.16520552958594648
2,1200-1259,10576,59029,0.17916617255925055
2,1300-1359,11173,58386,0.19136436817045183
2,1400-1459,12181,55338,0.22011998988037154
2,1500-1559,12817,55749,0.22990546915639742
2,1600-1659,13756,54978,0.2502091745789225
2,1700-1759,16149,61443,0.26282896342952006
2,1800-1859,14990,56206,0.2666975056043839
2,1900-1959,13210,50014,0.2641260447074819
2,2000-2059,9696,37972,0.2553460444538081
2,2100-2159,6768,29566,0.22891158763444497
2,2200-2259,3588,17220,0.20836236933797908
2,2300-2359,1118,7482,0.14942528735632185
3,0001-0559,1961,24585,0.07976408379092943
3,0600-0659,5490,64931,0.08455129291093623
3,0700-0759,7502,70154,0.10693616899962939
3,0800-0859,8600,68359,0.12580640442370428
3,0900-0959,7414,54032,0.13721498371335505
3,1000-1059,9336,62110,0.15031395910481404
3,1100-1159,10201,59820,0.17052825142092945
3,1200-1259,10816,58295,0.18553906853074878
3,1300-1359,11507,58092,0.1980823521311024
3,1400-1459,12646,54996,0.2299439959269765
3,1500-1559,13355,55341,0.24132198550803202
3,1600-1659,14251,54214,0.2628656804515439
3,1700-1759,16406,60183,0.2726018975458186
3,1800-1859,15792,56585,0.27908456304674384
3,1900-1959,14014,49689,0.2820342530539959
3,2000-2059,10328,37800,0.2732275132275132
3,2100-2159,7255,28874,0.25126411304287594
3,2200-2259,3707,17179,0.2157867163397171
3,2300-2359,1254,7597,0.16506515729893378
4,0001-0559,2356,31437,0.07494353786938958
4,0600-0659,6298,71284,0.08835082206385725
4,0700-0759,8752,75695,0.11562190369244997
4,0800-0859,9491,69431,0.13669686451296972
4,0900-0959,9120,58559,0.1557403644187913
4,1000-1059,11278,63954,0.17634549832692248
4,1100-1159,12280,62981,0.1949794382432797
4,1200-1259,13070,60978,0.2143395978877628
4,1300-1359,14559,60933,0.23893456747575206
4,1400-1459,15418,57836,0.2665813680060862
4,1500-1559,16905,58483,0.28905835883932085
4,1600-1659,18515,58567,0.3161336588864036
4,1700-1759,21314,63915,0.33347414534929204
4,1800-1859,21098,60765,0.34720645108203735
4,1900-1959,20016,57487,0.34818306747612504
4,2000-2059,16555,47737,0.3467959863418313
4,2100-2159,10905,35041,0.3112068719500014
4,2200-2259,7177,24224,0.29627642007926025
4,2300-2359,1857,8869,0.20938098996504678
5,0001-0559,2633,32040,0.08217852684144819
5,0600-0659,6854,71892,0.095337450620375
5,0700-0759,9448,75792,0.12465695587924847
5,0800-0859,10228,69950,0.14621872766261615
5,0900-0959,9776,58044,0.1684239542416098
5,1000-1059,11886,64361,0.18467705598110656
5,1100-1159,12976,62478,0.20768910656551107
5,1200-1259,14375,61680,0.23305771725032426
5,1300-1359,15131,60882,0.24852994316875268
5,1400-1459,16326,58042,0.28127907377416356
5,1500-1559,17350,59017,0.2939830896182456
5,1600-1659,18687,59208,0.31561613295500607
5,1700-1759,21052,64474,0.3265192170487328
5,1800-1859,20267,60253,0.336364994274144
5,1900-1959,19243,57924,0.3322111732615151
5,2000-2059,15682,46332,0.33847017180350514
5,2100-2159,11182,36472,0.3065913577538934
5,2200-2259,6964,23957,0.2906874817381141
5,2300-2359,1898,8809,0.2154614598705869
6,0001-0559,2950,28735,0.10266225856968854
6,0600-0659,6785,62094,0.10926981672947467
6,0700-0759,9423,69776,0.13504643430405872
6,0800-0859,9708,64838,0.1497270119374441
6,0900-0959,8976,52375,0.17137947494033412
6,1000-1059,10641,57174,0.18611606674362471
6,1100-1159,11386,56444,0.20172206080362837
6,1200-1259,11623,54301,0.21404762343234932
6,1300-1359,12094,54081,0.2236275216804423
6,1400-1459,12659,51734,0.2446940116751073
6,1500-1559,13453,52068,0.258373665207037
6,1600-1659,14340,51665,0.27755734055937287
6,1700-1759,16136,57046,0.28285944676226205
6,1800-1859,14292,48407,0.2952465552502737
6,1900-1959,13237,43718,0.3027814630129466
6,2000-2059,10239,34736,0.2947662367572547
6,2100-2159,7555,28331,0.2666690198016307
6,2200-2259,4605,17886,0.2574639382757464
6,2300-2359,1405,7726,0.1818534817499353
7,0001-0559,3048,30498,0.09994097973637615
7,0600-0659,7525,67018,0.11228326718195111
7,0700-0759,10468,74144,0.14118472162278808
7,0800-0859,10865,68136,0.1594604907831396
7,0900-0959,10251,57128,0.17943915418008682
7,1000-1059,12437,62795,0.1980571701568596
7,1100-1159,13764,62141,0.2214962746013099
7,1200-1259,14922,59922,0.24902373085010512
7,1300-1359,16211,59890,0.27067957922858576
7,1400-1459,17223,57322,0.3004605561564495
7,1500-1559,19021,58288,0.32632788910238814
7,1600-1659,20397,58642,0.3478223798642611
7,1700-1759,23071,63457,0.3635690309973683
7,1800-1859,23375,61096,0.3825946052114705
7,1900-1959,22755,57549,0.39540217901266744
7,2000-2059,19390,49620,0.39076985086658605
7,2100-2159,13360,36700,0.3640326975476839
7,2200-2259,10065,27417,0.36710799868694605
7,2300-2359,2258,9112,0.24780509218612817
