departure_time_block,flight_outcome,count,total_records,share
0001-0559,"Completed, not delayed ≥15 min",186464,208910,0.8925566033220047
0001-0559,"Completed, delayed ≥15 min",18536,208910,0.08872720310181417
0001-0559,Cancelled,3464,208910,0.01658130295342492
0001-0559,Diverted,446,208910,0.0021348906227562107
0001-0559,Unknown/inconsistent,0,208910,0.0
0600-0659,"Completed, not delayed ≥15 min",427132,483819,0.8828342830686683
0600-0659,"Completed, delayed ≥15 min",46789,483819,0.09670765306860624
0600-0659,Cancelled,8807,483819,0.01820308834502159
0600-0659,Diverted,1091,483819,0.0022549755177039346
0600-0659,Unknown/inconsistent,0,483819,0.0
0700-0759,"Completed, not delayed ≥15 min",447101,520503,0.8589787186625245
0700-0759,"Completed, delayed ≥15 min",64192,520503,0.1233268588269424
0700-0759,Cancelled,7841,520503,0.015064274365373494
0700-0759,Diverted,1369,520503,0.002630148145159586
0700-0759,Unknown/inconsistent,0,520503,0.0
0800-0859,"Completed, not delayed ≥15 min",409960,487216,0.8414337788578372
0800-0859,"Completed, delayed ≥15 min",69109,487216,0.14184468490361565
0800-0859,Cancelled,6980,487216,0.01432629470296542
0800-0859,Diverted,1167,487216,0.0023952415355817545
0800-0859,Unknown/inconsistent,0,487216,0.0
0900-0959,"Completed, not delayed ≥15 min",328840,398705,0.824770193501461
0900-0959,"Completed, delayed ≥15 min",63588,398705,0.15948633701608958
0900-0959,Cancelled,5327,398705,0.013360755445755634
0900-0959,Diverted,950,398705,0.002382714036693796
0900-0959,Unknown/inconsistent,0,398705,0.0
1000-1059,"Completed, not delayed ≥15 min",359478,444669,0.8084170472868584
1000-1059,"Completed, delayed ≥15 min",77524,444669,0.17434091425307363
1000-1059,Cancelled,6543,444669,0.014714315592047118
1000-1059,Diverted,1124,444669,0.0025277228680209325
1000-1059,Unknown/inconsistent,0,444669,0.0
1100-1159,"Completed, not delayed ≥15 min",342211,433397,0.7896016815990882
1100-1159,"Completed, delayed ≥15 min",83936,433397,0.19367000694513345
1100-1159,Cancelled,5934,433397,0.013691834507391606
1100-1159,Diverted,1316,433397,0.003036476948386814
1100-1159,Unknown/inconsistent,0,433397,0.0
1200-1259,"Completed, not delayed ≥15 min",325691,423100,0.7697731032852754
1200-1259,"Completed, delayed ≥15 min",89766,423100,0.21216260931221934
1200-1259,Cancelled,6150,423100,0.01453557078704798
1200-1259,Diverted,1492,423100,0.0035263531080122904
1200-1259,Unknown/inconsistent,1,423100,2.363507445048452e-06
1300-1359,"Completed, not delayed ≥15 min",316950,420208,0.7542693142443743
1300-1359,"Completed, delayed ≥15 min",95832,420208,0.22805848532155504
1300-1359,Cancelled,5913,420208,0.01407160263488558
1300-1359,Diverted,1513,420208,0.0036005977991851656
1300-1359,Unknown/inconsistent,0,420208,0.0
1400-1459,"Completed, not delayed ≥15 min",290356,401111,0.7238794248973476
1400-1459,"Completed, delayed ≥15 min",102683,401111,0.2559964698051163
1400-1459,Cancelled,6536,401111,0.016294741355884032
1400-1459,Diverted,1536,401111,0.0038293639416520616
1400-1459,Unknown/inconsistent,0,401111,0.0
1500-1559,"Completed, not delayed ≥15 min",287580,406625,0.7072363971718414
1500-1559,"Completed, delayed ≥15 min",110266,406625,0.271173685828466
1500-1559,Cancelled,7288,406625,0.017923147863510607
1500-1559,Diverted,1491,406625,0.0036667691361819857
1500-1559,Unknown/inconsistent,0,406625,0.0
1600-1659,"Completed, not delayed ≥15 min",278027,405664,0.6853627632720676
1600-1659,"Completed, delayed ≥15 min",118495,405664,0.2921013449554311
1600-1659,Cancelled,7769,405664,0.019151317346375325
1600-1659,Diverted,1373,405664,0.003384574426126055
1600-1659,Unknown/inconsistent,0,405664,0.0
1700-1759,"Completed, not delayed ≥15 min",300623,446394,0.6734476717877033
1700-1759,"Completed, delayed ≥15 min",134449,446394,0.30118908408267137
1700-1759,Cancelled,10033,446394,0.022475660515150292
1700-1759,Diverted,1289,446394,0.002887583614475105
1700-1759,Unknown/inconsistent,0,446394,0.0
1800-1859,"Completed, not delayed ≥15 min",274674,415170,0.6615940458125588
1800-1859,"Completed, delayed ≥15 min",129730,415170,0.3124744080738011
1800-1859,Cancelled,9776,415170,0.023546980754871497
1800-1859,Diverted,990,415170,0.002384565358768697
1800-1859,Unknown/inconsistent,0,415170,0.0
1900-1959,"Completed, not delayed ≥15 min",252821,385058,0.6565790088765848
1900-1959,"Completed, delayed ≥15 min",121490,385058,0.31551091004472054
1900-1959,Cancelled,9849,385058,0.025577964878018375
1900-1959,Diverted,898,385058,0.0023321162006762616
1900-1959,Unknown/inconsistent,0,385058,0.0
2000-2059,"Completed, not delayed ≥15 min",203697,309125,0.6589470279013344
2000-2059,"Completed, delayed ≥15 min",97195,309125,0.31441973311767085
2000-2059,Cancelled,7524,309125,0.024339668418924383
2000-2059,Diverted,709,309125,0.00229357056207036
2000-2059,Unknown/inconsistent,0,309125,0.0
2100-2159,"Completed, not delayed ≥15 min",163393,238146,0.6861043225584306
2100-2159,"Completed, delayed ≥15 min",67919,238146,0.2851989955741436
2100-2159,Cancelled,6313,238146,0.026508948292224097
2100-2159,Diverted,521,238146,0.002187733575201767
2100-2159,Unknown/inconsistent,0,238146,0.0
2200-2259,"Completed, not delayed ≥15 min",108658,156351,0.6949619765783398
2200-2259,"Completed, delayed ≥15 min",43059,156351,0.2753995817103824
2200-2259,Cancelled,4328,156351,0.027681306803282357
2200-2259,Diverted,306,156351,0.001957134907995472
2200-2259,Unknown/inconsistent,0,156351,0.0
2300-2359,"Completed, not delayed ≥15 min",46580,59145,0.787556006424888
2300-2359,"Completed, delayed ≥15 min",11489,59145,0.19425141601149717
2300-2359,Cancelled,949,59145,0.016045312367909376
2300-2359,Diverted,127,59145,0.00214726519570547
2300-2359,Unknown/inconsistent,0,59145,0.0
